Model,α₀,α₁,β₁,a,b,c,ν,ε*,KS_stat,KS_pval,KS_Test,AD_stat,AD_Test
CV normal,1.336143e-04,0.000000,0.000000,0.000000,0.000000,8.252527e-05,-,-8.6610,0.052279,0.000002,Fail,15.340956,Fail
CV t,1.418999e-04,0.000000,0.000000,0.000000,0.000000,2.048516e-04,4.27,-8.4146,0.078526,0.000000,Fail,3.343599,Fail
GARCH normal,8.294854e-07,0.062520,0.933144,0.000000,0.000000,3.228326e-04,-,-4.2677,0.034837,0.004454,Fail,4.050898,Fail
GARCH t,5.589993e-07,0.061863,0.935703,0.000000,0.000000,4.130632e-04,10.14,-4.2534,0.042566,0.000221,Fail,1.760605,Fail
ARMA GARCH normal,7.906301e-07,0.061564,0.934448,0.760057,-0.808929,7.887884e-05,-,-4.3557,0.037357,0.001786,Fail,5.203239,Fail
ARMA GARCH t,5.412518e-07,0.061383,0.936351,0.699928,-0.758182,1.294660e-04,9.82,-4.3463,0.047989,0.000019,Fail,2.769904,Fail
